{"geometry": "1807x962+36+12", "left_frame_width": 462, "right_frame_width": 508, "right_frame_height": 926, "image_frame_width": 827, "pitch_scale": -10, "speed_scale": 165, "speak_enabled": true, "last_search": "Dysmenorrhea", "last_disease": "norovirus infection", "last_diagnosis_results": [["microscopic colitis", 49.77816097472808], ["crohns disease", 48.300232271345344], ["cholera", 39.0858872204584], ["ulcerative colitis", 38.680564727885134], ["campylobacteriosis", 32.57512310583252], ["eosinophilic gastroenteritis", 31.912320057781656], ["irritable bowel syndrome", 31.50559439099237], ["giardiasis", 30.86439024971], ["cryptosporidiosis", 29.336586172453522], ["ischemic colitis", 28.313908927377696], ["mild abdominal cramps", 25.30018886355053], ["norovirus infection", 23.213541637062395], ["mild diarrhea", 21.779517437653613], ["dysmenorrhea", 21.509366685366235], ["rotavirus infection", 21.370776933237586], ["slight diarrhea after food", 20.564979157844988], ["proctalgia fugax", 20.409668472461213], ["mild abdominal discomfort", 20.151189661667587], ["short bowel syndrome", 19.659747122118056], ["gastroenteritis", 19.631720192104865], ["exocrine pancreatic insufficiency", 19.136887369295266], ["celiac disease", 18.109717095029264], ["hypokalemia", 17.835287630034813], ["hypoparathyroidism", 17.73305660699958], ["hemorrhagic colitis", 17.618235158151073], ["biliary colic", 16.9071505184795], ["clostridium difficile infection", 16.60392128812908], ["endometritis", 15.36939665564659], ["shigellosis", 15.2579814543614], ["lactose intolerance", 14.428478818788278], ["food poisoning", 14.343249654006266], ["primary dysmenorrhea", 14.337872177343966], ["schistosomiasis", 14.108738384990977], ["subclavian steal syndrome", 14.099444185577703], ["diverticulosis", 13.855142190838512], ["dysautonomia", 13.838585133915648], ["travelers diarrhea", 13.545680118202197], ["lower back spasm", 13.386724960782015], ["puerperal sepsis", 13.28163380149316], ["adenomyosis", 13.235220349786147], ["mast cell activation syndrome", 13.196077481640781], ["amoebiasis", 12.950562180072156], ["medullary thyroid carcinoma", 12.67806621147344], ["functional constipation", 12.675965364130946], ["adductor strain", 12.373437641726785], ["chronic intestinal pseudo obstruction", 12.349780016881716], ["malabsorption syndrome", 11.998848310014969], ["stomach bug", 11.447183467144109], ["colorectal polyps", 11.049137638427553], ["menstrual cramps", 10.515075604427826], ["ebola virus disease", 9.127899936134671]]}